[{"model": "auth.user", "pk": 1, "fields": {"password": "pbkdf2_sha256$120000$jD8HavCleCE7$q+PbX4TIKgU5+JLMtPXVmsiWohAvjvfXZmDc0eTkK4M=", "last_login": "2020-05-09T23:01:16.325", "is_superuser": true, "username": "vt", "first_name": "Viet-Toan", "last_name": "Le", "email": "vt@vt.com", "is_staff": true, "is_active": true, "date_joined": "2020-04-29T19:58:24", "groups": [], "user_permissions": []}}, {"model": "auth.user", "pk": 2, "fields": {"password": "pbkdf2_sha256$120000$j415eSXBFyYz$UuRFD8QOiuI0LKAVlpRJRdJ9bRP+ai11jgBfb8mzwQU=", "last_login": "2020-05-09T09:41:36.129", "is_superuser": false, "username": "sibelius", "first_name": "Jean", "last_name": "Sibelius", "email": "", "is_staff": false, "is_active": true, "date_joined": "2020-04-29T20:10:03", "groups": [], "user_permissions": []}}, {"model": "auth.user", "pk": 3, "fields": {"password": "pbkdf2_sha256$120000$M3ZX8R5SRZua$XunBG4Tbd5DQraPusqdXr1vHqrVYyUXcLes9hDn1luU=", "last_login": "2020-05-09T21:51:58.461", "is_superuser": false, "username": "tchaikovsky", "first_name": "Piotr", "last_name": "Tchaikovsky", "email": "", "is_staff": false, "is_active": true, "date_joined": "2020-04-29T20:11:31", "groups": [], "user_permissions": []}}, {"model": "auth.user", "pk": 4, "fields": {"password": "pbkdf2_sha256$120000$rkfltkQB6Fif$UTPZYC4IP+wW1jPBFEqVql3qHowE3utMunAhcMsohd8=", "last_login": "2020-05-08T17:03:09.895", "is_superuser": false, "username": "paganini", "first_name": "Niccolo", "last_name": "Paganini", "email": "", "is_staff": false, "is_active": true, "date_joined": "2020-04-29T20:12:03", "groups": [], "user_permissions": []}}, {"model": "auth.user", "pk": 5, "fields": {"password": "pbkdf2_sha256$120000$K9tVmRlj5SI5$5nGy+bE6vA3o+iWsKtbSoloapmcDXuEGi/pa8vb1Dn8=", "last_login": "2020-05-05T23:07:27.157", "is_superuser": false, "username": "bach", "first_name": "Johann Sebastian", "last_name": "Bach", "email": "", "is_staff": false, "is_active": true, "date_joined": "2020-04-29T20:12:25", "groups": [], "user_permissions": []}}, {"model": "auth.user", "pk": 6, "fields": {"password": "pbkdf2_sha256$120000$7GFLPpUFW7PL$HGhhPoQShVCAEsXHJfo085ZFFCBWNB0VIHwhALRH28w=", "last_login": null, "is_superuser": false, "username": "massenet", "first_name": "Jules", "last_name": "Massenet", "email": "", "is_staff": false, "is_active": true, "date_joined": "2020-04-29T20:13:02", "groups": [], "user_permissions": []}}, {"model": "sessions.session", "pk": "01xsnt3grmnud1mb49qtc3p8tq4azvpr", "fields": {"session_data": "Mzg4ZjU0OGYxNTliMThkNDdiOTM3OWZhMjkyMDhlYmE4MzcyMDdmNDp7ImVycm9yIjpmYWxzZSwiX2F1dGhfdXNlcl9pZCI6IjMiLCJfYXV0aF91c2VyX2JhY2tlbmQiOiJkamFuZ28uY29udHJpYi5hdXRoLmJhY2tlbmRzLk1vZGVsQmFja2VuZCIsIl9hdXRoX3VzZXJfaGFzaCI6IjM2MmE2MzU2MjllMjRiYTYwMGYxY2Q5MzMwN2M5YmFiYTAyMGQwYWQiLCJqdXN0X2xvZyI6ZmFsc2V9", "expire_date": "2020-05-20T17:36:39.836"}}, {"model": "sessions.session", "pk": "063swa18osb2zx9gu1tzzc9vghv7wzhh", "fields": {"session_data": "YmJkN2RhZjU1ZDQxOGY1YzI0YzU0NmUwZTVhMjMwMGUxYmQ3YjhlZjp7ImVycm9yIjpmYWxzZX0=", "expire_date": "2020-05-22T17:58:22.977"}}, {"model": "sessions.session", "pk": "14rqrs46upbik0y5y0qi1d22i8t31hmk", "fields": {"session_data": "NDU3NjU1MGM2ODYwODBiYTljZDIzYzY5MWM1ZTQ1ODFiOGFiNjQzMjp7fQ==", "expire_date": "2020-05-18T08:18:30.365"}}, {"model": "sessions.session", "pk": "2nlgfze1c171kdtufl32bdj2dc9tqjx5", "fields": {"session_data": "Mzg4ZjU0OGYxNTliMThkNDdiOTM3OWZhMjkyMDhlYmE4MzcyMDdmNDp7ImVycm9yIjpmYWxzZSwiX2F1dGhfdXNlcl9pZCI6IjMiLCJfYXV0aF91c2VyX2JhY2tlbmQiOiJkamFuZ28uY29udHJpYi5hdXRoLmJhY2tlbmRzLk1vZGVsQmFja2VuZCIsIl9hdXRoX3VzZXJfaGFzaCI6IjM2MmE2MzU2MjllMjRiYTYwMGYxY2Q5MzMwN2M5YmFiYTAyMGQwYWQiLCJqdXN0X2xvZyI6ZmFsc2V9", "expire_date": "2020-05-21T12:53:19.809"}}, {"model": "sessions.session", "pk": "42r7uxzfvw0t6609u94cl04zmrjyj8po", "fields": {"session_data": "YmJkN2RhZjU1ZDQxOGY1YzI0YzU0NmUwZTVhMjMwMGUxYmQ3YjhlZjp7ImVycm9yIjpmYWxzZX0=", "expire_date": "2020-05-23T12:05:49.078"}}, {"model": "sessions.session", "pk": "51rr6lwcs9duzlegfaiqzfdcfq4ilool", "fields": {"session_data": "YmJkN2RhZjU1ZDQxOGY1YzI0YzU0NmUwZTVhMjMwMGUxYmQ3YjhlZjp7ImVycm9yIjpmYWxzZX0=", "expire_date": "2020-05-21T12:10:02.516"}}, {"model": "sessions.session", "pk": "5hw8i7dyql8fv7ne4q0095r8t3jegq8v", "fields": {"session_data": "YmJkN2RhZjU1ZDQxOGY1YzI0YzU0NmUwZTVhMjMwMGUxYmQ3YjhlZjp7ImVycm9yIjpmYWxzZX0=", "expire_date": "2020-05-23T22:50:37.173"}}, {"model": "sessions.session", "pk": "78nrkf2c3ohtheznsbiee8ver1gdmiv2", "fields": {"session_data": "Mzg4ZjU0OGYxNTliMThkNDdiOTM3OWZhMjkyMDhlYmE4MzcyMDdmNDp7ImVycm9yIjpmYWxzZSwiX2F1dGhfdXNlcl9pZCI6IjMiLCJfYXV0aF91c2VyX2JhY2tlbmQiOiJkamFuZ28uY29udHJpYi5hdXRoLmJhY2tlbmRzLk1vZGVsQmFja2VuZCIsIl9hdXRoX3VzZXJfaGFzaCI6IjM2MmE2MzU2MjllMjRiYTYwMGYxY2Q5MzMwN2M5YmFiYTAyMGQwYWQiLCJqdXN0X2xvZyI6ZmFsc2V9", "expire_date": "2020-05-21T11:01:12.588"}}, {"model": "sessions.session", "pk": "c7w0pxwbpixo0nzlltfnh1qvvu0a2i7p", "fields": {"session_data": "YmJkN2RhZjU1ZDQxOGY1YzI0YzU0NmUwZTVhMjMwMGUxYmQ3YjhlZjp7ImVycm9yIjpmYWxzZX0=", "expire_date": "2020-05-20T09:00:07.117"}}, {"model": "sessions.session", "pk": "e73gsru99h6f3kbparrzvfcdppikpfx7", "fields": {"session_data": "YmJkN2RhZjU1ZDQxOGY1YzI0YzU0NmUwZTVhMjMwMGUxYmQ3YjhlZjp7ImVycm9yIjpmYWxzZX0=", "expire_date": "2020-05-22T10:44:39.456"}}, {"model": "sessions.session", "pk": "eeckpxdqn40c8p8frf2hiwbo29l89f6y", "fields": {"session_data": "YmJkN2RhZjU1ZDQxOGY1YzI0YzU0NmUwZTVhMjMwMGUxYmQ3YjhlZjp7ImVycm9yIjpmYWxzZX0=", "expire_date": "2020-05-20T12:07:42.047"}}, {"model": "sessions.session", "pk": "etzebt5njl1mj7pmlalp7an2dqwdg78f", "fields": {"session_data": "YmJkN2RhZjU1ZDQxOGY1YzI0YzU0NmUwZTVhMjMwMGUxYmQ3YjhlZjp7ImVycm9yIjpmYWxzZX0=", "expire_date": "2020-05-18T09:00:59.131"}}, {"model": "sessions.session", "pk": "frf83on1j4maatadalq3vevozc9iv0bv", "fields": {"session_data": "YmJkN2RhZjU1ZDQxOGY1YzI0YzU0NmUwZTVhMjMwMGUxYmQ3YjhlZjp7ImVycm9yIjpmYWxzZX0=", "expire_date": "2020-05-23T22:37:45.911"}}, {"model": "sessions.session", "pk": "hc37attt5xbf254nit6q9bzp2rlmc2r0", "fields": {"session_data": "YmJkN2RhZjU1ZDQxOGY1YzI0YzU0NmUwZTVhMjMwMGUxYmQ3YjhlZjp7ImVycm9yIjpmYWxzZX0=", "expire_date": "2020-05-22T00:00:48.674"}}, {"model": "sessions.session", "pk": "m2w1olvvlqvtzal1kw3odc7vjf0v8ama", "fields": {"session_data": "YmJkN2RhZjU1ZDQxOGY1YzI0YzU0NmUwZTVhMjMwMGUxYmQ3YjhlZjp7ImVycm9yIjpmYWxzZX0=", "expire_date": "2020-05-23T23:01:33.225"}}, {"model": "sessions.session", "pk": "ngxgqljyejmkx3fqacqv752nzuxotxsl", "fields": {"session_data": "YmJkN2RhZjU1ZDQxOGY1YzI0YzU0NmUwZTVhMjMwMGUxYmQ3YjhlZjp7ImVycm9yIjpmYWxzZX0=", "expire_date": "2020-05-20T17:00:03.051"}}, {"model": "sessions.session", "pk": "nkjmj0ji5w8vs4jqjranapaoo41rxhz1", "fields": {"session_data": "YmJkN2RhZjU1ZDQxOGY1YzI0YzU0NmUwZTVhMjMwMGUxYmQ3YjhlZjp7ImVycm9yIjpmYWxzZX0=", "expire_date": "2020-05-19T21:43:52.730"}}, {"model": "sessions.session", "pk": "pyyv0jq10ps0t62yyq4fbxxvspapwaph", "fields": {"session_data": "YmJkN2RhZjU1ZDQxOGY1YzI0YzU0NmUwZTVhMjMwMGUxYmQ3YjhlZjp7ImVycm9yIjpmYWxzZX0=", "expire_date": "2020-05-19T23:07:51.856"}}, {"model": "sessions.session", "pk": "rs8hr6l46gl09ms3i2eeup4319xcniuw", "fields": {"session_data": "YmJkN2RhZjU1ZDQxOGY1YzI0YzU0NmUwZTVhMjMwMGUxYmQ3YjhlZjp7ImVycm9yIjpmYWxzZX0=", "expire_date": "2020-05-22T08:11:54.061"}}, {"model": "taskmanager.project", "pk": 80, "fields": {"name": "Violin Concerto", "public": "PU", "members": [2, 3]}}, {"model": "taskmanager.project", "pk": 81, "fields": {"name": "Piano Sonata", "public": "PR", "members": [5, 6]}}, {"model": "taskmanager.project", "pk": 82, "fields": {"name": "Violin Etude", "public": "PR", "members": [3]}}, {"model": "taskmanager.project", "pk": 83, "fields": {"name": "Erhu Duet", "public": "PU", "members": [2, 5, 6]}}, {"model": "taskmanager.project", "pk": 84, "fields": {"name": "Symphony no.59", "public": "PR", "members": [2, 3, 5]}}, {"model": "taskmanager.project", "pk": 85, "fields": {"name": "Thais Meditation pour orchestre", "public": "PU", "members": [2, 3, 4, 6]}}, {"model": "taskmanager.project", "pk": 86, "fields": {"name": "Finir le projet", "public": "PR", "members": [1, 3]}}, {"model": "taskmanager.project", "pk": 92, "fields": {"name": "Partir en c\u00e9sure", "public": "PR", "members": [1]}}, {"model": "taskmanager.project", "pk": 93, "fields": {"name": "Orientation", "public": "PR", "members": [1]}}, {"model": "taskmanager.project", "pk": 94, "fields": {"name": "Finir projet algos \u00e9volutionnaires", "public": "PR", "members": [1]}}, {"model": "taskmanager.project", "pk": 95, "fields": {"name": "Avancer PIR", "public": "PR", "members": [1]}}, {"model": "taskmanager.status", "pk": 1, "fields": {"how": "Nouvelle"}}, {"model": "taskmanager.status", "pk": 2, "fields": {"how": "En attente"}}, {"model": "taskmanager.status", "pk": 3, "fields": {"how": "En cours"}}, {"model": "taskmanager.status", "pk": 4, "fields": {"how": "Termin\u00e9e"}}, {"model": "taskmanager.status", "pk": 5, "fields": {"how": "Class\u00e9e"}}, {"model": "taskmanager.comment", "pk": 4, "fields": {"user": 3, "submit_time": "2020-05-05T22:51:36.009", "content": "Ziyu He, un tr\u00e8s bon violoniste (Menuhin competition il y a pas longtemps)"}}, {"model": "taskmanager.comment", "pk": 5, "fields": {"user": 3, "submit_time": "2020-05-05T22:52:10.095", "content": "Ray Chen, australien, violoniste. Tr\u00e8s jolie interpr\u00e9tation de Tambourin Chinois de Kreisler"}}, {"model": "taskmanager.comment", "pk": 6, "fields": {"user": 2, "submit_time": "2020-05-05T22:53:20.659", "content": "Pour le violon, un Strad fera l'affaire."}}, {"model": "taskmanager.comment", "pk": 7, "fields": {"user": 3, "submit_time": "2020-05-05T22:53:51.355", "content": "C'est cher."}}, {"model": "taskmanager.comment", "pk": 8, "fields": {"user": 3, "submit_time": "2020-05-05T22:54:14.410", "content": "A F# F# E D F# A E"}}, {"model": "taskmanager.comment", "pk": 9, "fields": {"user": 3, "submit_time": "2020-05-05T23:00:54.570", "content": "Savoir faire du violon suffit presque"}}, {"model": "taskmanager.comment", "pk": 10, "fields": {"user": 1, "submit_time": "2020-05-06T08:59:55.790", "content": "Commentaire"}}, {"model": "taskmanager.comment", "pk": 11, "fields": {"user": 1, "submit_time": "2020-05-08T09:29:45.550", "content": "Ah oui, un peu"}}, {"model": "taskmanager.comment", "pk": 12, "fields": {"user": 1, "submit_time": "2020-05-08T09:29:56.011", "content": "Ah oui, un peu"}}, {"model": "taskmanager.comment", "pk": 13, "fields": {"user": 1, "submit_time": "2020-05-08T10:31:53.791", "content": "Tetris fonctionne"}}, {"model": "taskmanager.comment", "pk": 14, "fields": {"user": 1, "submit_time": "2020-05-08T10:32:33.937", "content": "Radar par t\u00e2ches ok"}}, {"model": "taskmanager.comment", "pk": 15, "fields": {"user": 3, "submit_time": "2020-05-08T18:55:41.736", "content": "Trop bien"}}, {"model": "taskmanager.comment", "pk": 16, "fields": {"user": 3, "submit_time": "2020-05-08T18:55:52.006", "content": "Macaniche"}}, {"model": "taskmanager.subtask", "pk": 29, "fields": {"task": 51, "name": "Trouver un violoniste"}}, {"model": "taskmanager.subtask", "pk": 30, "fields": {"task": 51, "name": "Trouver un violon"}}, {"model": "taskmanager.subtask", "pk": 31, "fields": {"task": 51, "name": "Trouver un luthier"}}, {"model": "taskmanager.subtask", "pk": 32, "fields": {"task": 52, "name": "Avoir de l'inspiration"}}, {"model": "taskmanager.subtask", "pk": 33, "fields": {"task": 52, "name": "Tracer la partition"}}, {"model": "taskmanager.subtask", "pk": 34, "fields": {"task": 53, "name": "Conna\u00eetre les particularit\u00e9s instrumentales"}}, {"model": "taskmanager.subtask", "pk": 35, "fields": {"task": 53, "name": "Avoir de l'inspiration"}}, {"model": "taskmanager.subtask", "pk": 36, "fields": {"task": 53, "name": "Tracer la partition"}}, {"model": "taskmanager.category", "pk": 9, "fields": {"name": "Technique"}}, {"model": "taskmanager.category", "pk": 10, "fields": {"name": "Artistique"}}, {"model": "taskmanager.task", "pk": 51, "fields": {"project": 80, "name": "Trouver un violoniste", "description": "", "category": 9, "user": 2, "attachment": "", "start_date": "2020-05-02T22:47:00", "due_date": "2020-05-09T22:48:00", "priority": 1, "status": 3, "comments": [4, 5, 6, 7, 11, 12, 15]}}, {"model": "taskmanager.task", "pk": 52, "fields": {"project": 80, "name": "\u00c9crire partie solo", "description": "", "category": 10, "user": 3, "attachment": "", "start_date": "2020-05-07T22:48:00", "due_date": "2020-05-28T22:49:00", "priority": 2, "status": 2, "comments": [8]}}, {"model": "taskmanager.task", "pk": 53, "fields": {"project": 80, "name": "\u00c9crire partie orchestrale", "description": "", "category": 10, "user": 2, "attachment": "", "start_date": "2020-05-22T22:49:00", "due_date": "2020-06-26T22:50:00", "priority": 2, "status": 2, "comments": []}}, {"model": "taskmanager.task", "pk": 54, "fields": {"project": 82, "name": "Composer l'\u00e9tude", "description": "", "category": 10, "user": 3, "attachment": "", "start_date": "2020-05-06T22:56:00", "due_date": "2020-05-30T22:57:00", "priority": 1, "status": 3, "comments": []}}, {"model": "taskmanager.task", "pk": 55, "fields": {"project": 82, "name": "Trouver un violoniste", "description": "", "category": 9, "user": 3, "attachment": "", "start_date": "2020-05-13T22:57:00", "due_date": "2020-05-27T22:58:00", "priority": 2, "status": 2, "comments": []}}, {"model": "taskmanager.task", "pk": 56, "fields": {"project": 82, "name": "Premi\u00e8re interpr\u00e9tation", "description": "", "category": 10, "user": 3, "attachment": "", "start_date": "2020-05-26T22:57:00", "due_date": "2020-06-02T22:58:00", "priority": 4, "status": 2, "comments": []}}, {"model": "taskmanager.task", "pk": 57, "fields": {"project": 83, "name": "Apprendre le erhu", "description": "", "category": null, "user": 6, "attachment": "", "start_date": "2020-05-05T23:00:00", "due_date": "2020-05-12T23:01:00", "priority": 1, "status": 1, "comments": [9]}}, {"model": "taskmanager.task", "pk": 59, "fields": {"project": 84, "name": "Tache 1", "description": "", "category": null, "user": 2, "attachment": "", "start_date": "2020-05-07T22:30:00", "due_date": "2020-05-08T22:31:00", "priority": 1, "status": 1, "comments": []}}, {"model": "taskmanager.task", "pk": 60, "fields": {"project": 84, "name": "Tache 2", "description": "", "category": null, "user": 3, "attachment": "", "start_date": "2020-05-08T22:31:00", "due_date": "2020-05-09T22:32:00", "priority": 1, "status": 1, "comments": []}}, {"model": "taskmanager.task", "pk": 61, "fields": {"project": 84, "name": "Tache 3", "description": "", "category": null, "user": 5, "attachment": "", "start_date": "2020-05-20T22:31:00", "due_date": "2020-05-22T22:32:00", "priority": 1, "status": 1, "comments": [16]}}, {"model": "taskmanager.task", "pk": 62, "fields": {"project": 84, "name": "Tache 3", "description": "", "category": null, "user": 3, "attachment": "", "start_date": "2020-05-20T22:31:00", "due_date": "2020-05-21T22:32:00", "priority": 1, "status": 1, "comments": []}}, {"model": "taskmanager.task", "pk": 66, "fields": {"project": 86, "name": "Faire radars", "description": "", "category": null, "user": 1, "attachment": "", "start_date": "2020-05-08T10:28:00", "due_date": "2020-05-15T10:29:00", "priority": 1, "status": 1, "comments": [14]}}, {"model": "taskmanager.task", "pk": 67, "fields": {"project": 86, "name": "Faire responsivit\u00e9", "description": "", "category": null, "user": 1, "attachment": "", "start_date": "2020-05-11T10:28:00", "due_date": "2020-05-15T10:29:00", "priority": 1, "status": 1, "comments": []}}, {"model": "taskmanager.task", "pk": 68, "fields": {"project": 86, "name": "Faire network gestion appli", "description": "", "category": null, "user": 1, "attachment": "", "start_date": "2020-05-11T10:28:00", "due_date": "2020-05-15T10:29:00", "priority": 1, "status": 1, "comments": []}}, {"model": "taskmanager.task", "pk": 69, "fields": {"project": 92, "name": "Ecrire lettre de motivation", "description": "", "category": null, "user": 1, "attachment": "", "start_date": "2020-05-08T10:29:00", "due_date": "2020-05-13T10:30:00", "priority": 1, "status": 1, "comments": []}}, {"model": "taskmanager.task", "pk": 70, "fields": {"project": 92, "name": "Projet Vocoder", "description": "", "category": null, "user": 1, "attachment": "", "start_date": "2020-05-18T10:29:00", "due_date": "2020-06-01T10:30:00", "priority": 1, "status": 1, "comments": []}}, {"model": "taskmanager.task", "pk": 71, "fields": {"project": 92, "name": "Se faire de la culture", "description": "", "category": null, "user": 1, "attachment": "", "start_date": "2020-05-11T10:29:00", "due_date": "2020-05-18T10:30:00", "priority": 1, "status": 1, "comments": []}}, {"model": "taskmanager.task", "pk": 72, "fields": {"project": 93, "name": "Aller \u00e0 l'IRCAM", "description": "", "category": null, "user": 1, "attachment": "", "start_date": "2020-05-13T10:30:00", "due_date": "2020-09-01T10:31:00", "priority": 4, "status": 2, "comments": []}}, {"model": "taskmanager.task", "pk": 73, "fields": {"project": 93, "name": "Faire de l'info", "description": "", "category": null, "user": 1, "attachment": "", "start_date": "2020-05-08T10:31:00", "due_date": "2020-05-31T10:32:00", "priority": 2, "status": 2, "comments": []}}, {"model": "taskmanager.task", "pk": 74, "fields": {"project": 94, "name": "Fusionner les programmes", "description": "", "category": null, "user": 1, "attachment": "", "start_date": "2020-05-08T10:31:00", "due_date": "2020-05-09T10:32:00", "priority": 1, "status": 1, "comments": [13]}}, {"model": "taskmanager.task", "pk": 75, "fields": {"project": 95, "name": "Se concentrer sur les \u00e9l\u00e8ves", "description": "", "category": null, "user": 1, "attachment": "", "start_date": "2020-05-08T10:32:00", "due_date": "2020-05-14T10:33:00", "priority": 1, "status": 1, "comments": []}}, {"model": "taskmanager.verb", "pk": 1, "fields": {"alias": "AddPr", "verb": "Ajout de projet"}}, {"model": "taskmanager.verb", "pk": 2, "fields": {"alias": "AddTk", "verb": "Ajout de tache"}}, {"model": "taskmanager.verb", "pk": 3, "fields": {"alias": "MdfPr", "verb": "Modification de projet"}}, {"model": "taskmanager.verb", "pk": 4, "fields": {"alias": "MdfTk", "verb": "Modification de tache"}}, {"model": "taskmanager.verb", "pk": 5, "fields": {"alias": "AddCm", "verb": "Ajout de commentaire"}}, {"model": "taskmanager.trace", "pk": 1, "fields": {"actor": 1, "timestamp": "2020-05-08T09:29:56.380", "object_project": 80, "object_task": 51, "verb": 5}}, {"model": "taskmanager.trace", "pk": 6, "fields": {"actor": 1, "timestamp": "2020-05-08T10:26:19.601", "object_project": 92, "object_task": null, "verb": 1}}, {"model": "taskmanager.trace", "pk": 7, "fields": {"actor": 1, "timestamp": "2020-05-08T10:26:45.436", "object_project": 93, "object_task": null, "verb": 1}}, {"model": "taskmanager.trace", "pk": 8, "fields": {"actor": 1, "timestamp": "2020-05-08T10:26:56.482", "object_project": 94, "object_task": null, "verb": 1}}, {"model": "taskmanager.trace", "pk": 9, "fields": {"actor": 1, "timestamp": "2020-05-08T10:28:19.203", "object_project": 86, "object_task": 66, "verb": 2}}, {"model": "taskmanager.trace", "pk": 10, "fields": {"actor": 1, "timestamp": "2020-05-08T10:28:33.772", "object_project": 86, "object_task": 67, "verb": 2}}, {"model": "taskmanager.trace", "pk": 11, "fields": {"actor": 1, "timestamp": "2020-05-08T10:28:52.612", "object_project": 86, "object_task": 68, "verb": 2}}, {"model": "taskmanager.trace", "pk": 12, "fields": {"actor": 1, "timestamp": "2020-05-08T10:29:02.471", "object_project": 95, "object_task": null, "verb": 1}}, {"model": "taskmanager.trace", "pk": 13, "fields": {"actor": 1, "timestamp": "2020-05-08T10:29:28.202", "object_project": 92, "object_task": 69, "verb": 2}}, {"model": "taskmanager.trace", "pk": 14, "fields": {"actor": 1, "timestamp": "2020-05-08T10:29:40.413", "object_project": 92, "object_task": 70, "verb": 2}}, {"model": "taskmanager.trace", "pk": 15, "fields": {"actor": 1, "timestamp": "2020-05-08T10:29:54.371", "object_project": 92, "object_task": 71, "verb": 2}}, {"model": "taskmanager.trace", "pk": 16, "fields": {"actor": 1, "timestamp": "2020-05-08T10:31:01.178", "object_project": 93, "object_task": 72, "verb": 2}}, {"model": "taskmanager.trace", "pk": 17, "fields": {"actor": 1, "timestamp": "2020-05-08T10:31:13.459", "object_project": 93, "object_task": 73, "verb": 2}}, {"model": "taskmanager.trace", "pk": 18, "fields": {"actor": 1, "timestamp": "2020-05-08T10:31:38.913", "object_project": 94, "object_task": 74, "verb": 2}}, {"model": "taskmanager.trace", "pk": 19, "fields": {"actor": 1, "timestamp": "2020-05-08T10:31:54.194", "object_project": 94, "object_task": 74, "verb": 5}}, {"model": "taskmanager.trace", "pk": 20, "fields": {"actor": 1, "timestamp": "2020-05-08T10:32:18.441", "object_project": 95, "object_task": 75, "verb": 2}}, {"model": "taskmanager.trace", "pk": 21, "fields": {"actor": 1, "timestamp": "2020-05-08T10:32:34.298", "object_project": 86, "object_task": 66, "verb": 5}}, {"model": "taskmanager.trace", "pk": 22, "fields": {"actor": 1, "timestamp": "2020-05-08T18:51:31.715", "object_project": 86, "object_task": null, "verb": 3}}, {"model": "taskmanager.trace", "pk": 23, "fields": {"actor": 1, "timestamp": "2020-05-08T18:51:50.650", "object_project": 85, "object_task": null, "verb": 3}}, {"model": "taskmanager.trace", "pk": 24, "fields": {"actor": 3, "timestamp": "2020-05-08T18:55:42.097", "object_project": 80, "object_task": 51, "verb": 5}}, {"model": "taskmanager.trace", "pk": 25, "fields": {"actor": 3, "timestamp": "2020-05-08T18:55:52.411", "object_project": 84, "object_task": 61, "verb": 5}}, {"model": "admin.logentry", "pk": 1, "fields": {"action_time": "2020-04-29T19:58:47.787", "user": 1, "content_type": 4, "object_id": "1", "object_repr": "vt", "action_flag": 2, "change_message": "[{\"changed\": {\"fields\": [\"first_name\", \"last_name\"]}}]"}}, {"model": "admin.logentry", "pk": 2, "fields": {"action_time": "2020-04-29T20:07:34.383", "user": 1, "content_type": 8, "object_id": "1", "object_repr": "Nouvelle", "action_flag": 1, "change_message": "[{\"added\": {}}]"}}, {"model": "admin.logentry", "pk": 3, "fields": {"action_time": "2020-04-29T20:07:45.340", "user": 1, "content_type": 8, "object_id": "2", "object_repr": "En attente", "action_flag": 1, "change_message": "[{\"added\": {}}]"}}, {"model": "admin.logentry", "pk": 4, "fields": {"action_time": "2020-04-29T20:07:51.428", "user": 1, "content_type": 8, "object_id": "3", "object_repr": "En cours", "action_flag": 1, "change_message": "[{\"added\": {}}]"}}, {"model": "admin.logentry", "pk": 5, "fields": {"action_time": "2020-04-29T20:07:55.350", "user": 1, "content_type": 8, "object_id": "4", "object_repr": "Termin\u00e9e", "action_flag": 1, "change_message": "[{\"added\": {}}]"}}, {"model": "admin.logentry", "pk": 6, "fields": {"action_time": "2020-04-29T20:07:58.146", "user": 1, "content_type": 8, "object_id": "5", "object_repr": "Class\u00e9e", "action_flag": 1, "change_message": "[{\"added\": {}}]"}}, {"model": "admin.logentry", "pk": 7, "fields": {"action_time": "2020-04-29T20:10:04.114", "user": 1, "content_type": 4, "object_id": "2", "object_repr": "sibelius", "action_flag": 1, "change_message": "[{\"added\": {}}]"}}, {"model": "admin.logentry", "pk": 8, "fields": {"action_time": "2020-04-29T20:10:29.919", "user": 1, "content_type": 4, "object_id": "2", "object_repr": "sibelius", "action_flag": 2, "change_message": "[{\"changed\": {\"fields\": [\"first_name\", \"last_name\"]}}]"}}, {"model": "admin.logentry", "pk": 9, "fields": {"action_time": "2020-04-29T20:11:31.239", "user": 1, "content_type": 4, "object_id": "3", "object_repr": "tchaikovsky", "action_flag": 1, "change_message": "[{\"added\": {}}]"}}, {"model": "admin.logentry", "pk": 10, "fields": {"action_time": "2020-04-29T20:11:52.221", "user": 1, "content_type": 4, "object_id": "3", "object_repr": "tchaikovsky", "action_flag": 2, "change_message": "[{\"changed\": {\"fields\": [\"first_name\", \"last_name\"]}}]"}}, {"model": "admin.logentry", "pk": 11, "fields": {"action_time": "2020-04-29T20:12:03.446", "user": 1, "content_type": 4, "object_id": "4", "object_repr": "paganini", "action_flag": 1, "change_message": "[{\"added\": {}}]"}}, {"model": "admin.logentry", "pk": 12, "fields": {"action_time": "2020-04-29T20:12:10.915", "user": 1, "content_type": 4, "object_id": "4", "object_repr": "paganini", "action_flag": 2, "change_message": "[{\"changed\": {\"fields\": [\"first_name\", \"last_name\"]}}]"}}, {"model": "admin.logentry", "pk": 13, "fields": {"action_time": "2020-04-29T20:12:25.537", "user": 1, "content_type": 4, "object_id": "5", "object_repr": "bach", "action_flag": 1, "change_message": "[{\"added\": {}}]"}}, {"model": "admin.logentry", "pk": 14, "fields": {"action_time": "2020-04-29T20:12:37.364", "user": 1, "content_type": 4, "object_id": "5", "object_repr": "bach", "action_flag": 2, "change_message": "[{\"changed\": {\"fields\": [\"first_name\", \"last_name\"]}}]"}}, {"model": "admin.logentry", "pk": 15, "fields": {"action_time": "2020-04-29T20:13:02.534", "user": 1, "content_type": 4, "object_id": "6", "object_repr": "massenet", "action_flag": 1, "change_message": "[{\"added\": {}}]"}}, {"model": "admin.logentry", "pk": 16, "fields": {"action_time": "2020-04-29T20:13:09.745", "user": 1, "content_type": 4, "object_id": "6", "object_repr": "massenet", "action_flag": 2, "change_message": "[{\"changed\": {\"fields\": [\"first_name\", \"last_name\"]}}]"}}, {"model": "admin.logentry", "pk": 17, "fields": {"action_time": "2020-04-29T20:13:37.823", "user": 1, "content_type": 7, "object_id": "1", "object_repr": "Composer Concerto pour violon", "action_flag": 2, "change_message": "[{\"changed\": {\"fields\": [\"members\"]}}]"}}, {"model": "admin.logentry", "pk": 18, "fields": {"action_time": "2020-04-30T06:44:41.268", "user": 1, "content_type": 11, "object_id": "1", "object_repr": "Technique", "action_flag": 1, "change_message": "[{\"added\": {}}]"}}, {"model": "admin.logentry", "pk": 19, "fields": {"action_time": "2020-04-30T07:21:18.060", "user": 1, "content_type": 11, "object_id": "3", "object_repr": "ofsdfsd", "action_flag": 3, "change_message": ""}}, {"model": "admin.logentry", "pk": 20, "fields": {"action_time": "2020-04-30T07:21:18.328", "user": 1, "content_type": 11, "object_id": "2", "object_repr": "oal", "action_flag": 3, "change_message": ""}}, {"model": "admin.logentry", "pk": 21, "fields": {"action_time": "2020-04-30T07:21:18.495", "user": 1, "content_type": 11, "object_id": "1", "object_repr": "Technique", "action_flag": 3, "change_message": ""}}, {"model": "admin.logentry", "pk": 22, "fields": {"action_time": "2020-04-30T07:21:27.734", "user": 1, "content_type": 12, "object_id": "6", "object_repr": "Apocalyptica", "action_flag": 3, "change_message": ""}}, {"model": "admin.logentry", "pk": 23, "fields": {"action_time": "2020-04-30T07:21:28.007", "user": 1, "content_type": 12, "object_id": "5", "object_repr": "Apocalyptica", "action_flag": 3, "change_message": ""}}, {"model": "admin.logentry", "pk": 24, "fields": {"action_time": "2020-04-30T07:21:28.129", "user": 1, "content_type": 12, "object_id": "4", "object_repr": "Apocalyptica", "action_flag": 3, "change_message": ""}}, {"model": "admin.logentry", "pk": 25, "fields": {"action_time": "2020-04-30T07:38:26.573", "user": 1, "content_type": 12, "object_id": "12", "object_repr": "Trouver un violon", "action_flag": 3, "change_message": ""}}, {"model": "admin.logentry", "pk": 26, "fields": {"action_time": "2020-04-30T07:38:26.820", "user": 1, "content_type": 12, "object_id": "11", "object_repr": "Trouver un violon", "action_flag": 3, "change_message": ""}}, {"model": "admin.logentry", "pk": 27, "fields": {"action_time": "2020-04-30T07:38:26.931", "user": 1, "content_type": 12, "object_id": "10", "object_repr": "Trouver un violon", "action_flag": 3, "change_message": ""}}, {"model": "admin.logentry", "pk": 28, "fields": {"action_time": "2020-04-30T07:38:27.048", "user": 1, "content_type": 12, "object_id": "9", "object_repr": "Composition Quartet 5600", "action_flag": 3, "change_message": ""}}, {"model": "admin.logentry", "pk": 29, "fields": {"action_time": "2020-04-30T07:38:27.165", "user": 1, "content_type": 12, "object_id": "8", "object_repr": "Composition Quartet 5600", "action_flag": 3, "change_message": ""}}, {"model": "admin.logentry", "pk": 30, "fields": {"action_time": "2020-04-30T07:38:27.265", "user": 1, "content_type": 12, "object_id": "7", "object_repr": "Ecrire partie orchestrale", "action_flag": 3, "change_message": ""}}, {"model": "admin.logentry", "pk": 31, "fields": {"action_time": "2020-04-30T07:38:27.365", "user": 1, "content_type": 12, "object_id": "3", "object_repr": "Trouver un violon", "action_flag": 3, "change_message": ""}}, {"model": "admin.logentry", "pk": 32, "fields": {"action_time": "2020-04-30T07:38:27.487", "user": 1, "content_type": 12, "object_id": "2", "object_repr": "\u00c9crire partie orchestrale", "action_flag": 3, "change_message": ""}}, {"model": "admin.logentry", "pk": 33, "fields": {"action_time": "2020-04-30T07:38:27.587", "user": 1, "content_type": 12, "object_id": "1", "object_repr": "Tracer la partition", "action_flag": 3, "change_message": ""}}, {"model": "admin.logentry", "pk": 34, "fields": {"action_time": "2020-04-30T12:23:47.105", "user": 1, "content_type": 11, "object_id": "7", "object_repr": "Artistique", "action_flag": 3, "change_message": ""}}, {"model": "admin.logentry", "pk": 35, "fields": {"action_time": "2020-04-30T12:23:47.265", "user": 1, "content_type": 11, "object_id": "6", "object_repr": "Artistique", "action_flag": 3, "change_message": ""}}, {"model": "admin.logentry", "pk": 36, "fields": {"action_time": "2020-04-30T12:41:25.610", "user": 1, "content_type": 12, "object_id": "32", "object_repr": "qfsfsq", "action_flag": 3, "change_message": ""}}, {"model": "admin.logentry", "pk": 37, "fields": {"action_time": "2020-04-30T12:41:25.866", "user": 1, "content_type": 12, "object_id": "31", "object_repr": "qfsfsq", "action_flag": 3, "change_message": ""}}, {"model": "admin.logentry", "pk": 38, "fields": {"action_time": "2020-04-30T12:41:25.978", "user": 1, "content_type": 12, "object_id": "30", "object_repr": "qfsfsq", "action_flag": 3, "change_message": ""}}, {"model": "admin.logentry", "pk": 39, "fields": {"action_time": "2020-04-30T12:41:26.089", "user": 1, "content_type": 12, "object_id": "29", "object_repr": "gkkldsm", "action_flag": 3, "change_message": ""}}, {"model": "admin.logentry", "pk": 40, "fields": {"action_time": "2020-04-30T12:41:26.200", "user": 1, "content_type": 12, "object_id": "28", "object_repr": "gkkldsm", "action_flag": 3, "change_message": ""}}, {"model": "admin.logentry", "pk": 41, "fields": {"action_time": "2020-04-30T12:41:26.311", "user": 1, "content_type": 12, "object_id": "27", "object_repr": "Accept", "action_flag": 3, "change_message": ""}}, {"model": "admin.logentry", "pk": 42, "fields": {"action_time": "2020-04-30T12:41:26.422", "user": 1, "content_type": 12, "object_id": "26", "object_repr": "Accept", "action_flag": 3, "change_message": ""}}, {"model": "admin.logentry", "pk": 43, "fields": {"action_time": "2020-04-30T12:41:26.534", "user": 1, "content_type": 12, "object_id": "25", "object_repr": "Composition Quartet 5600", "action_flag": 3, "change_message": ""}}, {"model": "admin.logentry", "pk": 44, "fields": {"action_time": "2020-04-30T12:41:26.656", "user": 1, "content_type": 12, "object_id": "24", "object_repr": "Ecrire", "action_flag": 3, "change_message": ""}}, {"model": "admin.logentry", "pk": 45, "fields": {"action_time": "2020-04-30T12:41:26.778", "user": 1, "content_type": 12, "object_id": "23", "object_repr": "Ecrire", "action_flag": 3, "change_message": ""}}, {"model": "admin.logentry", "pk": 46, "fields": {"action_time": "2020-04-30T12:41:26.901", "user": 1, "content_type": 12, "object_id": "22", "object_repr": "Ecrire", "action_flag": 3, "change_message": ""}}, {"model": "admin.logentry", "pk": 47, "fields": {"action_time": "2020-04-30T12:41:27.023", "user": 1, "content_type": 12, "object_id": "21", "object_repr": "Ecrire", "action_flag": 3, "change_message": ""}}, {"model": "admin.logentry", "pk": 48, "fields": {"action_time": "2020-04-30T12:41:27.145", "user": 1, "content_type": 12, "object_id": "18", "object_repr": "\u00c9crire partie solo", "action_flag": 3, "change_message": ""}}, {"model": "admin.logentry", "pk": 49, "fields": {"action_time": "2020-05-01T07:41:55.182", "user": 1, "content_type": 12, "object_id": "40", "object_repr": "Test", "action_flag": 3, "change_message": ""}}, {"model": "admin.logentry", "pk": 50, "fields": {"action_time": "2020-05-01T07:41:55.461", "user": 1, "content_type": 12, "object_id": "39", "object_repr": "Lire", "action_flag": 3, "change_message": ""}}, {"model": "admin.logentry", "pk": 51, "fields": {"action_time": "2020-05-01T07:41:55.588", "user": 1, "content_type": 12, "object_id": "38", "object_repr": "Trouver un violon", "action_flag": 3, "change_message": ""}}, {"model": "admin.logentry", "pk": 52, "fields": {"action_time": "2020-05-01T07:41:55.710", "user": 1, "content_type": 12, "object_id": "37", "object_repr": "Test", "action_flag": 3, "change_message": ""}}, {"model": "admin.logentry", "pk": 53, "fields": {"action_time": "2020-05-01T07:42:09.871", "user": 1, "content_type": 7, "object_id": "13", "object_repr": "Test", "action_flag": 3, "change_message": ""}}, {"model": "admin.logentry", "pk": 54, "fields": {"action_time": "2020-05-01T07:42:10.012", "user": 1, "content_type": 7, "object_id": "12", "object_repr": "Concerto", "action_flag": 3, "change_message": ""}}, {"model": "admin.logentry", "pk": 55, "fields": {"action_time": "2020-05-01T07:42:10.156", "user": 1, "content_type": 7, "object_id": "11", "object_repr": "Finir le projet", "action_flag": 3, "change_message": ""}}, {"model": "admin.logentry", "pk": 56, "fields": {"action_time": "2020-05-01T07:42:10.301", "user": 1, "content_type": 7, "object_id": "10", "object_repr": "Concerto pour fl\u00fbte", "action_flag": 3, "change_message": ""}}, {"model": "admin.logentry", "pk": 57, "fields": {"action_time": "2020-05-01T07:42:10.423", "user": 1, "content_type": 7, "object_id": "9", "object_repr": "Sonate en Eb", "action_flag": 3, "change_message": ""}}, {"model": "admin.logentry", "pk": 58, "fields": {"action_time": "2020-05-01T07:42:10.557", "user": 1, "content_type": 7, "object_id": "8", "object_repr": "Duet pour Erhu", "action_flag": 3, "change_message": ""}}, {"model": "admin.logentry", "pk": 59, "fields": {"action_time": "2020-05-01T07:42:10.690", "user": 1, "content_type": 7, "object_id": "5", "object_repr": "Symphonie en E mineur", "action_flag": 3, "change_message": ""}}, {"model": "admin.logentry", "pk": 60, "fields": {"action_time": "2020-05-01T07:42:10.823", "user": 1, "content_type": 7, "object_id": "4", "object_repr": "Concerto en R\u00e9 mineur", "action_flag": 3, "change_message": ""}}, {"model": "admin.logentry", "pk": 61, "fields": {"action_time": "2020-05-01T07:44:18.859", "user": 1, "content_type": 9, "object_id": "1", "object_repr": "vt : Bonjour !", "action_flag": 3, "change_message": ""}}, {"model": "admin.logentry", "pk": 62, "fields": {"action_time": "2020-05-01T07:45:16.409", "user": 1, "content_type": 11, "object_id": "8", "object_repr": "Oratoire", "action_flag": 3, "change_message": ""}}, {"model": "admin.logentry", "pk": 63, "fields": {"action_time": "2020-05-01T07:45:16.597", "user": 1, "content_type": 11, "object_id": "5", "object_repr": "Technique", "action_flag": 3, "change_message": ""}}, {"model": "admin.logentry", "pk": 64, "fields": {"action_time": "2020-05-01T07:45:16.708", "user": 1, "content_type": 11, "object_id": "4", "object_repr": "Artistique", "action_flag": 3, "change_message": ""}}, {"model": "admin.logentry", "pk": 65, "fields": {"action_time": "2020-05-01T11:15:38.662", "user": 1, "content_type": 7, "object_id": "45", "object_repr": "Test", "action_flag": 3, "change_message": ""}}, {"model": "admin.logentry", "pk": 66, "fields": {"action_time": "2020-05-01T11:15:38.778", "user": 1, "content_type": 7, "object_id": "44", "object_repr": "Test1", "action_flag": 3, "change_message": ""}}, {"model": "admin.logentry", "pk": 67, "fields": {"action_time": "2020-05-01T11:15:38.889", "user": 1, "content_type": 7, "object_id": "43", "object_repr": "Test", "action_flag": 3, "change_message": ""}}, {"model": "admin.logentry", "pk": 68, "fields": {"action_time": "2020-05-01T11:15:39.022", "user": 1, "content_type": 7, "object_id": "42", "object_repr": "Test", "action_flag": 3, "change_message": ""}}, {"model": "admin.logentry", "pk": 69, "fields": {"action_time": "2020-05-01T11:15:39.144", "user": 1, "content_type": 7, "object_id": "41", "object_repr": "Test", "action_flag": 3, "change_message": ""}}, {"model": "admin.logentry", "pk": 70, "fields": {"action_time": "2020-05-01T11:15:39.267", "user": 1, "content_type": 7, "object_id": "40", "object_repr": "Test", "action_flag": 3, "change_message": ""}}, {"model": "admin.logentry", "pk": 71, "fields": {"action_time": "2020-05-01T11:15:39.432", "user": 1, "content_type": 7, "object_id": "39", "object_repr": "Test", "action_flag": 3, "change_message": ""}}, {"model": "admin.logentry", "pk": 72, "fields": {"action_time": "2020-05-01T11:15:39.556", "user": 1, "content_type": 7, "object_id": "38", "object_repr": "Test", "action_flag": 3, "change_message": ""}}, {"model": "admin.logentry", "pk": 73, "fields": {"action_time": "2020-05-01T11:15:39.667", "user": 1, "content_type": 7, "object_id": "37", "object_repr": "Test", "action_flag": 3, "change_message": ""}}, {"model": "admin.logentry", "pk": 74, "fields": {"action_time": "2020-05-01T11:15:39.789", "user": 1, "content_type": 7, "object_id": "36", "object_repr": "Test", "action_flag": 3, "change_message": ""}}, {"model": "admin.logentry", "pk": 75, "fields": {"action_time": "2020-05-01T11:15:39.911", "user": 1, "content_type": 7, "object_id": "35", "object_repr": "Test", "action_flag": 3, "change_message": ""}}, {"model": "admin.logentry", "pk": 76, "fields": {"action_time": "2020-05-01T11:15:40.034", "user": 1, "content_type": 7, "object_id": "34", "object_repr": "Test", "action_flag": 3, "change_message": ""}}, {"model": "admin.logentry", "pk": 77, "fields": {"action_time": "2020-05-01T11:15:40.211", "user": 1, "content_type": 7, "object_id": "33", "object_repr": "Test", "action_flag": 3, "change_message": ""}}, {"model": "admin.logentry", "pk": 78, "fields": {"action_time": "2020-05-01T11:15:40.334", "user": 1, "content_type": 7, "object_id": "32", "object_repr": "Test", "action_flag": 3, "change_message": ""}}, {"model": "admin.logentry", "pk": 79, "fields": {"action_time": "2020-05-01T11:15:40.545", "user": 1, "content_type": 7, "object_id": "31", "object_repr": "Test", "action_flag": 3, "change_message": ""}}, {"model": "admin.logentry", "pk": 80, "fields": {"action_time": "2020-05-01T11:15:40.667", "user": 1, "content_type": 7, "object_id": "30", "object_repr": "Test", "action_flag": 3, "change_message": ""}}, {"model": "admin.logentry", "pk": 81, "fields": {"action_time": "2020-05-01T11:15:40.789", "user": 1, "content_type": 7, "object_id": "29", "object_repr": "Test", "action_flag": 3, "change_message": ""}}, {"model": "admin.logentry", "pk": 82, "fields": {"action_time": "2020-05-01T11:15:40.911", "user": 1, "content_type": 7, "object_id": "28", "object_repr": "Test", "action_flag": 3, "change_message": ""}}, {"model": "admin.logentry", "pk": 83, "fields": {"action_time": "2020-05-01T11:15:41.033", "user": 1, "content_type": 7, "object_id": "27", "object_repr": "Test", "action_flag": 3, "change_message": ""}}, {"model": "admin.logentry", "pk": 84, "fields": {"action_time": "2020-05-01T11:15:41.134", "user": 1, "content_type": 7, "object_id": "26", "object_repr": "Test", "action_flag": 3, "change_message": ""}}, {"model": "admin.logentry", "pk": 85, "fields": {"action_time": "2020-05-01T11:15:41.267", "user": 1, "content_type": 7, "object_id": "25", "object_repr": "Test", "action_flag": 3, "change_message": ""}}, {"model": "admin.logentry", "pk": 86, "fields": {"action_time": "2020-05-01T11:15:41.400", "user": 1, "content_type": 7, "object_id": "24", "object_repr": "Test", "action_flag": 3, "change_message": ""}}, {"model": "admin.logentry", "pk": 87, "fields": {"action_time": "2020-05-01T11:15:41.534", "user": 1, "content_type": 7, "object_id": "23", "object_repr": "Test", "action_flag": 3, "change_message": ""}}, {"model": "admin.logentry", "pk": 88, "fields": {"action_time": "2020-05-01T11:15:41.656", "user": 1, "content_type": 7, "object_id": "22", "object_repr": "Test", "action_flag": 3, "change_message": ""}}, {"model": "admin.logentry", "pk": 89, "fields": {"action_time": "2020-05-01T11:15:41.789", "user": 1, "content_type": 7, "object_id": "21", "object_repr": "Test", "action_flag": 3, "change_message": ""}}, {"model": "admin.logentry", "pk": 90, "fields": {"action_time": "2020-05-01T11:15:41.911", "user": 1, "content_type": 7, "object_id": "20", "object_repr": "Test", "action_flag": 3, "change_message": ""}}, {"model": "admin.logentry", "pk": 91, "fields": {"action_time": "2020-05-01T11:15:42.033", "user": 1, "content_type": 7, "object_id": "19", "object_repr": "Test", "action_flag": 3, "change_message": ""}}, {"model": "admin.logentry", "pk": 92, "fields": {"action_time": "2020-05-01T11:15:42.234", "user": 1, "content_type": 7, "object_id": "18", "object_repr": "Test", "action_flag": 3, "change_message": ""}}, {"model": "admin.logentry", "pk": 93, "fields": {"action_time": "2020-05-01T11:15:42.344", "user": 1, "content_type": 7, "object_id": "17", "object_repr": "Test", "action_flag": 3, "change_message": ""}}, {"model": "admin.logentry", "pk": 94, "fields": {"action_time": "2020-05-01T11:15:42.478", "user": 1, "content_type": 7, "object_id": "16", "object_repr": "Concert", "action_flag": 3, "change_message": ""}}, {"model": "admin.logentry", "pk": 95, "fields": {"action_time": "2020-05-01T11:15:42.601", "user": 1, "content_type": 7, "object_id": "15", "object_repr": "Concert", "action_flag": 3, "change_message": ""}}, {"model": "admin.logentry", "pk": 96, "fields": {"action_time": "2020-05-01T11:15:42.712", "user": 1, "content_type": 7, "object_id": "14", "object_repr": "Concert", "action_flag": 3, "change_message": ""}}, {"model": "admin.logentry", "pk": 97, "fields": {"action_time": "2020-05-01T11:33:52.222", "user": 1, "content_type": 7, "object_id": "55", "object_repr": "Manger.", "action_flag": 3, "change_message": ""}}, {"model": "admin.logentry", "pk": 98, "fields": {"action_time": "2020-05-01T11:33:52.365", "user": 1, "content_type": 7, "object_id": "54", "object_repr": "Finir le projet", "action_flag": 3, "change_message": ""}}, {"model": "admin.logentry", "pk": 99, "fields": {"action_time": "2020-05-01T11:33:52.486", "user": 1, "content_type": 7, "object_id": "53", "object_repr": "Finir le projet", "action_flag": 3, "change_message": ""}}, {"model": "admin.logentry", "pk": 100, "fields": {"action_time": "2020-05-01T11:33:52.653", "user": 1, "content_type": 7, "object_id": "52", "object_repr": "Finir le projet", "action_flag": 3, "change_message": ""}}, {"model": "admin.logentry", "pk": 101, "fields": {"action_time": "2020-05-01T11:33:52.787", "user": 1, "content_type": 7, "object_id": "51", "object_repr": "Violin Concerto", "action_flag": 3, "change_message": ""}}, {"model": "admin.logentry", "pk": 102, "fields": {"action_time": "2020-05-01T11:33:52.909", "user": 1, "content_type": 7, "object_id": "50", "object_repr": "Test", "action_flag": 3, "change_message": ""}}, {"model": "admin.logentry", "pk": 103, "fields": {"action_time": "2020-05-01T11:33:53.042", "user": 1, "content_type": 7, "object_id": "49", "object_repr": "Test", "action_flag": 3, "change_message": ""}}, {"model": "admin.logentry", "pk": 104, "fields": {"action_time": "2020-05-01T11:33:53.165", "user": 1, "content_type": 7, "object_id": "48", "object_repr": "Test", "action_flag": 3, "change_message": ""}}, {"model": "admin.logentry", "pk": 105, "fields": {"action_time": "2020-05-01T11:33:53.287", "user": 1, "content_type": 7, "object_id": "47", "object_repr": "Test", "action_flag": 3, "change_message": ""}}, {"model": "admin.logentry", "pk": 106, "fields": {"action_time": "2020-05-01T11:33:53.409", "user": 1, "content_type": 7, "object_id": "46", "object_repr": "Concert", "action_flag": 3, "change_message": ""}}, {"model": "admin.logentry", "pk": 107, "fields": {"action_time": "2020-05-01T19:54:09.902", "user": 1, "content_type": 7, "object_id": "69", "object_repr": "Composer", "action_flag": 3, "change_message": ""}}, {"model": "admin.logentry", "pk": 108, "fields": {"action_time": "2020-05-01T19:54:10.051", "user": 1, "content_type": 7, "object_id": "68", "object_repr": "Composer", "action_flag": 3, "change_message": ""}}, {"model": "admin.logentry", "pk": 109, "fields": {"action_time": "2020-05-01T19:54:10.162", "user": 1, "content_type": 7, "object_id": "67", "object_repr": "Composer", "action_flag": 3, "change_message": ""}}, {"model": "admin.logentry", "pk": 110, "fields": {"action_time": "2020-05-01T19:54:10.273", "user": 1, "content_type": 7, "object_id": "66", "object_repr": "Composer", "action_flag": 3, "change_message": ""}}, {"model": "admin.logentry", "pk": 111, "fields": {"action_time": "2020-05-01T19:54:10.396", "user": 1, "content_type": 7, "object_id": "65", "object_repr": "Composer", "action_flag": 3, "change_message": ""}}, {"model": "admin.logentry", "pk": 112, "fields": {"action_time": "2020-05-01T19:54:10.518", "user": 1, "content_type": 7, "object_id": "64", "object_repr": "Composer", "action_flag": 3, "change_message": ""}}, {"model": "admin.logentry", "pk": 113, "fields": {"action_time": "2020-05-01T19:54:10.640", "user": 1, "content_type": 7, "object_id": "63", "object_repr": "Finir le projet", "action_flag": 3, "change_message": ""}}, {"model": "admin.logentry", "pk": 114, "fields": {"action_time": "2020-05-01T19:54:10.762", "user": 1, "content_type": 7, "object_id": "62", "object_repr": "Finir le projet", "action_flag": 3, "change_message": ""}}, {"model": "admin.logentry", "pk": 115, "fields": {"action_time": "2020-05-01T19:54:10.885", "user": 1, "content_type": 7, "object_id": "61", "object_repr": "Finir le projet", "action_flag": 3, "change_message": ""}}, {"model": "admin.logentry", "pk": 116, "fields": {"action_time": "2020-05-01T19:54:11.018", "user": 1, "content_type": 7, "object_id": "60", "object_repr": "Ecrire", "action_flag": 3, "change_message": ""}}, {"model": "admin.logentry", "pk": 117, "fields": {"action_time": "2020-05-04T18:28:37.714", "user": 1, "content_type": 9, "object_id": "3", "object_repr": "tchaikovsky : Chouette", "action_flag": 3, "change_message": ""}}, {"model": "admin.logentry", "pk": 118, "fields": {"action_time": "2020-05-04T18:28:37.886", "user": 1, "content_type": 9, "object_id": "2", "object_repr": "tchaikovsky : La Fa# Fa# Mi R\u00e9 Fa# La Mi Fa# Mi", "action_flag": 3, "change_message": ""}}, {"model": "admin.logentry", "pk": 119, "fields": {"action_time": "2020-05-04T18:29:33.804", "user": 1, "content_type": 7, "object_id": "78", "object_repr": "Sonate", "action_flag": 3, "change_message": ""}}, {"model": "admin.logentry", "pk": 120, "fields": {"action_time": "2020-05-04T18:29:33.936", "user": 1, "content_type": 7, "object_id": "77", "object_repr": "Symphonie en E mineur", "action_flag": 3, "change_message": ""}}, {"model": "admin.logentry", "pk": 121, "fields": {"action_time": "2020-05-04T18:29:34.058", "user": 1, "content_type": 7, "object_id": "76", "object_repr": "Erhu duet", "action_flag": 3, "change_message": ""}}, {"model": "admin.logentry", "pk": 122, "fields": {"action_time": "2020-05-04T18:29:34.180", "user": 1, "content_type": 7, "object_id": "75", "object_repr": "Violin Concerto in D minor", "action_flag": 3, "change_message": ""}}, {"model": "admin.logentry", "pk": 123, "fields": {"action_time": "2020-05-04T18:29:34.302", "user": 1, "content_type": 7, "object_id": "73", "object_repr": "Sonate in Eb", "action_flag": 3, "change_message": ""}}, {"model": "admin.logentry", "pk": 124, "fields": {"action_time": "2020-05-04T18:29:34.424", "user": 1, "content_type": 7, "object_id": "72", "object_repr": "Violin Concerto in D Major", "action_flag": 3, "change_message": ""}}, {"model": "admin.logentry", "pk": 125, "fields": {"action_time": "2020-05-05T22:42:13.135", "user": 1, "content_type": 10, "object_id": "28", "object_repr": "Rien faire", "action_flag": 3, "change_message": ""}}, {"model": "admin.logentry", "pk": 126, "fields": {"action_time": "2020-05-05T22:42:13.390", "user": 1, "content_type": 10, "object_id": "27", "object_repr": "Bla", "action_flag": 3, "change_message": ""}}, {"model": "admin.logentry", "pk": 127, "fields": {"action_time": "2020-05-05T22:42:20.854", "user": 1, "content_type": 12, "object_id": "50", "object_repr": "Rien faire", "action_flag": 3, "change_message": ""}}, {"model": "admin.logentry", "pk": 128, "fields": {"action_time": "2020-05-05T22:42:21.102", "user": 1, "content_type": 12, "object_id": "49", "object_repr": "Test", "action_flag": 3, "change_message": ""}}, {"model": "admin.logentry", "pk": 129, "fields": {"action_time": "2020-05-05T22:42:27.722", "user": 1, "content_type": 7, "object_id": "79", "object_repr": "Test", "action_flag": 3, "change_message": ""}}, {"model": "admin.logentry", "pk": 130, "fields": {"action_time": "2020-05-08T09:12:08.396", "user": 1, "content_type": 13, "object_id": "1", "object_repr": "Ajout de projet", "action_flag": 1, "change_message": "[{\"added\": {}}]"}}, {"model": "admin.logentry", "pk": 131, "fields": {"action_time": "2020-05-08T09:12:23.106", "user": 1, "content_type": 13, "object_id": "2", "object_repr": "Ajout de tache", "action_flag": 1, "change_message": "[{\"added\": {}}]"}}, {"model": "admin.logentry", "pk": 132, "fields": {"action_time": "2020-05-08T09:12:34.843", "user": 1, "content_type": 13, "object_id": "3", "object_repr": "Modification de projet", "action_flag": 1, "change_message": "[{\"added\": {}}]"}}, {"model": "admin.logentry", "pk": 133, "fields": {"action_time": "2020-05-08T09:12:45.888", "user": 1, "content_type": 13, "object_id": "4", "object_repr": "Modification de tache", "action_flag": 1, "change_message": "[{\"added\": {}}]"}}, {"model": "admin.logentry", "pk": 134, "fields": {"action_time": "2020-05-08T09:12:57.371", "user": 1, "content_type": 13, "object_id": "5", "object_repr": "Ajout de commentaire", "action_flag": 1, "change_message": "[{\"added\": {}}]"}}]